velocity_rad_s,alpha_rad,return_velocity_rad_s,steps_with_this_first_alpha
0.0,0.39269908169872414,nan,-1
0.21092604371762003,0.39269908169872414,nan,-1
0.42185208743524005,0.39269908169872414,0.29266243521450813,1
0.6327781311528601,0.39269908169872414,0.29990347204731627,1
0.8437041748704801,0.39269908169872414,0.5198751654605676,2
1.0546302185881,0.39269908169872414,0.6883023208421152,2
1.2655562623057202,0.39269908169872414,0.8488642265608419,2
1.4764823060233403,0.39269908169872414,1.0029532087708009,2
1.6874083497409602,0.39269908169872414,1.1597334809504753,2
1.8983343934585801,0.39269908169872414,1.3105804807846437,2
2.1092604371762,0.39269908169872414,1.4648382406366178,3
2.3201864808938204,0.39269908169872414,1.6146250389815051,3
2.5311125246114403,0.39269908169872414,1.7661937137660164,3
2.7420385683290602,0.39269908169872414,1.9176737569654863,3
2.9529646120466806,0.39269908169872414,2.0669554279526974,3
3.1638906557643005,0.39269908169872414,2.2184543156916448,3
3.3748166994819204,0.39269908169872414,2.3695284324003563,3
3.5857427431995403,0.39269908169872414,2.520781663242221,4
3.7966687869171603,0.39269908169872414,2.6694094011268277,4
4.007594830634781,0.39269908169872414,2.8190962511915036,4
4.2185208743524,0.39269908169872414,2.970120537415075,4
4.4294469180700204,0.39269908169872414,3.1195069904974106,4
0.0,0.4487989505128276,nan,-1
0.21092604371762003,0.4487989505128276,nan,-1
0.42185208743524005,0.4487989505128276,nan,-1
0.6327781311528601,0.4487989505128276,0.06074167919693546,1
0.8437041748704801,0.4487989505128276,0.18192873766546888,1
1.0546302185881,0.4487989505128276,0.2754398967052356,1
1.2655562623057202,0.4487989505128276,0.29541546360771986,1
1.4764823060233403,0.4487989505128276,0.5955503149284409,2
1.6874083497409602,0.4487989505128276,0.7803886099759915,2
1.8983343934585801,0.4487989505128276,0.9505950285991075,2
2.1092604371762,0.4487989505128276,1.110091192286995,2
2.3201864808938204,0.4487989505128276,1.266550838862835,2
2.5311125246114403,0.4487989505128276,1.4123246728814591,3
2.7420385683290602,0.4487989505128276,1.5588803105651199,3
2.9529646120466806,0.4487989505128276,1.7006286678745404,3
3.1638906557643005,0.4487989505128276,1.8429081864222217,3
3.3748166994819204,0.4487989505128276,1.9832375545801297,3
3.5857427431995403,0.4487989505128276,2.122544882771811,3
3.7966687869171603,0.4487989505128276,2.2615280137066835,3
4.007594830634781,0.4487989505128276,2.397369444292598,3
4.2185208743524,0.4487989505128276,2.533910149835694,4
4.4294469180700204,0.4487989505128276,2.671461450061047,4
