velocity_rad_s,min_steps,best_alpha_rad,best_alpha_deg
0.0,0,nan,nan
0.21092604371762003,0,nan,nan
0.42185208743524005,1,0.39269908169872414,22.5
0.6327781311528601,1,0.39269908169872414,22.5
0.8437041748704801,1,0.4487989505128276,25.714285714285715
1.0546302185881,1,0.4487989505128276,25.714285714285715
1.2655562623057202,1,0.4487989505128276,25.714285714285715
1.4764823060233403,2,0.39269908169872414,22.5
1.6874083497409602,2,0.39269908169872414,22.5
1.8983343934585801,2,0.39269908169872414,22.5
2.1092604371762,2,0.4487989505128276,25.714285714285715
2.3201864808938204,2,0.4487989505128276,25.714285714285715
2.5311125246114403,3,0.39269908169872414,22.5
2.7420385683290602,3,0.39269908169872414,22.5
2.9529646120466806,3,0.39269908169872414,22.5
3.1638906557643005,3,0.39269908169872414,22.5
3.3748166994819204,3,0.39269908169872414,22.5
3.5857427431995403,3,0.4487989505128276,25.714285714285715
3.7966687869171603,3,0.4487989505128276,25.714285714285715
4.007594830634781,3,0.4487989505128276,25.714285714285715
4.2185208743524,4,0.39269908169872414,22.5
4.4294469180700204,4,0.39269908169872414,22.5
